section,title,url
CBSE Syllabus,CBSE Syllabus,https://byjus.com/cbse/cbse-syllabus/
CBSE Syllabus,CBSE Class 12 Syllabus,https://byjus.com/cbse/cbse-class-12-syllabus/
CBSE Syllabus,CBSE Class 11 Syllabus,https://byjus.com/cbse/cbse-class-11-syllabus/
CBSE Syllabus,CBSE Class 10 Syllabus,https://byjus.com/cbse/cbse-class-10-syllabus/
CBSE Syllabus,CBSE Class 9 Syllabus,https://byjus.com/cbse/cbse-class-9-syllabus/
CBSE Syllabus,CBSE Class 8 Syllabus,https://byjus.com/cbse/cbse-class-8-syllabus/
CBSE Syllabus,CBSE Class 7 Syllabus,https://byjus.com/cbse/cbse-class-7-syllabus/
CBSE Syllabus,CBSE Class 6 Syllabus,https://byjus.com/cbse/cbse-class-6-syllabus/
CBSE Syllabus,CBSE Class 5 Syllabus,https://byjus.com/cbse/cbse-class-5th-syllabus/
CBSE Syllabus,CBSE Class 4 Syllabus,https://byjus.com/cbse/cbse-syllabus-class-4/
CBSE Syllabus,CBSE Class 3 Syllabus,https://byjus.com/cbse/cbse-syllabus-for-class-3/
CBSE Syllabus,CBSE Class 2 Syllabus,https://byjus.com/cbse-class-2-syllabus/
CBSE Syllabus,CBSE Class 1 Syllabus,https://byjus.com/cbse-class-1-syllabus/
NCERT Books,NCERT Books,https://byjus.com/ncert-books/
NCERT Books,NCERT Class 12 Books,https://byjus.com/ncert-books-for-class-12/
NCERT Books,NCERT Class 11 Books,https://byjus.com/ncert-books-for-class-11/
NCERT Books,NCERT Class 10 Books,https://byjus.com/ncert-books-for-class-10/
NCERT Books,NCERT Class 9 Books,https://byjus.com/ncert-books-for-class-9/
NCERT Books,NCERT Class 8 Books,https://byjus.com/ncert-books-for-class-8/
NCERT Books,NCERT Class 7 Books,https://byjus.com/ncert-books-for-class-7/
NCERT Books,NCERT Class 6 Books,https://byjus.com/ncert-books-class-6/
NCERT Books,NCERT Class 5 Books,https://byjus.com/ncert-books-for-class-5/
NCERT Books,NCERT Class 4 Books,https://byjus.com/ncert-books-for-class-4/
NCERT Books,NCERT Class 3 Books,https://byjus.com/ncert-books-for-class-3/
NCERT Books,NCERT Class 2 Books,https://byjus.com/ncert-books-for-class-2/
NCERT Books,NCERT Class 1 Books,https://byjus.com/ncert-books-for-class-1/
CBSE Sample Papers,CBSE Sample Papers,https://byjus.com/cbse/cbse-sample-papers/
CBSE Sample Papers,CBSE Class 12 Sample Papers,https://byjus.com/cbse/cbse-sample-papers-for-class-12/
CBSE Sample Papers,CBSE Class 11 Sample Papers,https://byjus.com/cbse-sample-papers-for-class-11/
CBSE Sample Papers,CBSE Class 10 Sample Papers,https://byjus.com/cbse/cbse-class-10-sample-papers/
CBSE Sample Papers,CBSE Class 9 Sample Papers,https://byjus.com/cbse-sample-papers-for-class-9/
CBSE Sample Papers,CBSE Class 8 Sample Papers,https://byjus.com/cbse-sample-papers-for-class-8/
CBSE Sample Papers,CBSE Class 7 Sample Papers,https://byjus.com/cbse-sample-papers-for-class-7/
CBSE Sample Papers,CBSE Class 6 Sample Papers,https://byjus.com/cbse-sample-papers-for-class-6/
CBSE Sample Papers,CBSE Class 5 Sample Papers,https://byjus.com/cbse-sample-papers-for-class-5/
CBSE Sample Papers,CBSE Class 4 Sample Papers,https://byjus.com/cbse-sample-papers-for-class-4/
CBSE Sample Papers,CBSE Class 3 Sample Papers,https://byjus.com/cbse-sample-papers-for-class-3/
CBSE Sample Papers,CBSE Class 2 Sample Papers,https://byjus.com/cbse-sample-papers-for-class-2/
CBSE Sample Papers,CBSE Class 1 Sample Papers,https://byjus.com/cbse-sample-papers-for-class-1/
CBSE Question Papers,CBSE Question Papers,https://byjus.com/cbse-study-material/cbse-previous-year-question-paper/
CBSE Question Papers,CBSE Class 12 Question Papers,https://byjus.com/cbse-study-material/cbse-class-12-previous-year-question-papers-with-solutions/
CBSE Question Papers,CBSE Class 10 Question Papers,https://byjus.com/cbse-study-material/cbse-previous-year-question-paper-class-10/
CBSE Question Papers,CBSE Last 10 Years Question Papers Class 12,https://byjus.com/cbse-study-material/10-years-question-paper-cbse-class-12/
CBSE Question Papers,CBSE Last 10 Years Question Papers Class 10,https://byjus.com/cbse-study-material/10-years-question-paper-cbse-class-10/
NCERT Solutions,NCERT Solutions,https://byjus.com/ncert-solutions/
NCERT Solutions,NCERT Solutions for Class 12,https://byjus.com/ncert-solutions-class-12/
NCERT Solutions,NCERT Solutions for Class 11,https://byjus.com/ncert-solutions-class-11/
NCERT Solutions,NCERT Solutions for Class 10,https://byjus.com/ncert-solutions-class-10/
NCERT Solutions,NCERT Solutions for Class 9,https://byjus.com/ncert-solutions-class-9/
NCERT Solutions,NCERT Solutions for Class 8,https://byjus.com/ncert-solutions-class-8/
NCERT Solutions,NCERT Solutions for Class 7,https://byjus.com/ncert-solutions-class-7/
NCERT Solutions,NCERT Solutions for Class 6,https://byjus.com/ncert-solutions-class-6/
NCERT Solutions,NCERT Solutions for Class 5,https://byjus.com/ncert-solutions/ncert-solutions-for-class-5/
NCERT Solutions,NCERT Solutions for Class 4,https://byjus.com/ncert-solutions/ncert-solutions-for-class-4/
NCERT Exemplar Solutions,NCERT Exemplar Solutions,https://byjus.com/ncert-exemplar/
NCERT Exemplar Solutions,NCERT Exemplar Solutions for Class 12,https://byjus.com/ncert-exemplar-class-12/
NCERT Exemplar Solutions,NCERT Exemplar Solutions for Class 11,https://byjus.com/ncert-exemplar-class-11/
NCERT Exemplar Solutions,NCERT Exemplar Solutions for Class 10,https://byjus.com/ncert-exemplar-class-10/
NCERT Exemplar Solutions,NCERT Exemplar Solutions for Class 9,https://byjus.com/ncert-exemplar-class-9/
NCERT Exemplar Solutions,NCERT Exemplar Solutions for Class 8,https://byjus.com/ncert-exemplar-class-8/
NCERT Exemplar Solutions,NCERT Exemplar Solutions for Class 7,https://byjus.com/ncert-exemplar-solutions-class-7/
CBSE Important Questions,CBSE Important Questions,https://byjus.com/cbse/important-questions/
CBSE Important Questions,CBSE Class 12 Important Questions,https://byjus.com/cbse/important-questions-for-class-12/
CBSE Important Questions,CBSE Class 11 Important Questions,https://byjus.com/cbse/important-questions-for-class-11/
CBSE Important Questions,CBSE Class 10 Important Questions,https://byjus.com/cbse-study-material/important-questions-for-class-10-science/
CBSE Important Questions,CBSE Class 9 Important Questions,https://byjus.com/cbse-study-material/important-questions-for-class-9-science/
CBSE Important Questions,CBSE Class 8 Important Questions,https://byjus.com/cbse-study-material/important-questions-for-class-8-science/
CBSE Notes,CBSE Notes,https://byjus.com/cbse-notes/
CBSE Notes,CBSE Notes for Class 12,https://byjus.com/cbse-notes/cbse-notes-class-12/
CBSE Notes,CBSE Notes for Class 11,https://byjus.com/cbse-notes/class-11-notes/
CBSE Notes,CBSE Notes for Class 10,https://byjus.com/cbse-notes/cbse-notes-class-10/
CBSE Notes,CBSE Notes for Class 9,https://byjus.com/cbse-notes/notes-class-9/
CBSE Notes,CBSE Notes for Class 8,https://byjus.com/cbse-notes/cbse-notes-for-class-8/
CBSE Notes,CBSE Notes for Class 7,https://byjus.com/cbse-notes/cbse-notes-for-class-7/
CBSE Notes,CBSE Notes for Class 6,https://byjus.com/cbse-notes/cbse-notes-for-class-6/
Essays for CBSE Students,Essay on Independence Day,https://byjus.com/cbse/essay-on-independence-day/
Essays for CBSE Students,Essay on Republic Day,https://byjus.com/cbse/essay-on-republic-day/
Essays for CBSE Students,Essay on Constitution of India,https://byjus.com/cbse/essay-on-constitution-of-india/
CBSE English Unseen Passages,Unseen Passages for Class 10,https://byjus.com/cbse/unseen-passages-for-class-10/
CBSE English Unseen Passages,Unseen Passages for Class 9,https://byjus.com/cbse/unseen-passages-for-class-9/
CBSE English Unseen Passages,Unseen Passages for Class 8,https://byjus.com/cbse/unseen-passages-for-class-8/
GK Questions for CBSE Students,How To Score Good Marks In Class 12 Biology,https://byjus.com/cbse/tips-to-score-good-marks-in-class-12-biology/
GK Questions for CBSE Students,CBSE Syllabus For Class 9,https://byjus.com/cbse/cbse-class-9-syllabus/
GK Questions for CBSE Students,Net Exam Papers,https://byjus.com/cbse-study-material/question-papers-cbse-ugc-net-2017-november-exam-released/
GK Questions for CBSE Students,CBSE Class 2 English Syllabus,https://byjus.com/cbse-class-2-english-syllabus/
GK Questions for CBSE Students,CBSE Class 10 Social Science Syllabus,https://byjus.com/cbse/social-science-class-10-syllabus/
GK Questions for CBSE Students,Sample Question Paper For Class 6 CBSE Science Sa2 PDF,https://byjus.com/cbse-study-material/sample-question-papers-class-6-cbse-science-sa2/
GK Questions for CBSE Students,Light Reflection And Refraction Class 10 Important Questions And Answers,https://byjus.com/cbse-study-material/important-questions-for-class-10-science-chapter-10-light-reflection-and-refraction/
GK Questions for CBSE Students,NCERT Solutions For Class 10 Science,https://byjus.com/ncert-solutions-class-10-science/
GK Questions for CBSE Students,NCERT Solutions For Class 7 Social Science Civics,https://byjus.com/ncert-solutions-class-7-social-science-civics/
GK Questions for CBSE Students,CBSE Verification Status,https://byjus.com/cbse/cbse-verification/
Benefits of Referring CBSE Study Materials,How To Score Good Marks In Class 12 Biology,https://byjus.com/cbse/tips-to-score-good-marks-in-class-12-biology/
Benefits of Referring CBSE Study Materials,CBSE Syllabus For Class 9,https://byjus.com/cbse/cbse-class-9-syllabus/
Benefits of Referring CBSE Study Materials,Net Exam Papers,https://byjus.com/cbse-study-material/question-papers-cbse-ugc-net-2017-november-exam-released/
Benefits of Referring CBSE Study Materials,CBSE Class 2 English Syllabus,https://byjus.com/cbse-class-2-english-syllabus/
Benefits of Referring CBSE Study Materials,CBSE Class 10 Social Science Syllabus,https://byjus.com/cbse/social-science-class-10-syllabus/
Benefits of Referring CBSE Study Materials,Sample Question Paper For Class 6 CBSE Science Sa2 PDF,https://byjus.com/cbse-study-material/sample-question-papers-class-6-cbse-science-sa2/
Benefits of Referring CBSE Study Materials,Light Reflection And Refraction Class 10 Important Questions And Answers,https://byjus.com/cbse-study-material/important-questions-for-class-10-science-chapter-10-light-reflection-and-refraction/
Benefits of Referring CBSE Study Materials,NCERT Solutions For Class 10 Science,https://byjus.com/ncert-solutions-class-10-science/
Benefits of Referring CBSE Study Materials,NCERT Solutions For Class 7 Social Science Civics,https://byjus.com/ncert-solutions-class-7-social-science-civics/
Benefits of Referring CBSE Study Materials,CBSE Verification Status,https://byjus.com/cbse/cbse-verification/
